No,Keyword,Search Volume,CPC,Paid Difficulty,SEO Difficulty
1,"samsung watch band","12,100","$1.37","100","63"
2,"samsung watch 1 band","0","$0.00","1","4"
3,"samsung watch 1 band size","0","$0.00","1","4"
4,"samsung watch 2 band size","0","$0.00","1","4"
5,"samsung watch 3 band 22mm","0","$0.00","1","4"
6,"samsung galaxy watch band 22","0","$0.00","1","4"
7,"samsung watch 4 band 20mm","0","$0.00","1","4"
8,"samsung watch 3 straps pakistan","0","$0.00","1","4"
9,"samsung watch 4 band removal","0","$0.00","1","4"
10,"samsung watch 4 band types","0","$0.00","1","4"
11,"samsung watch 4 band material","0","$0.00","1","4"
12,"smart watch band 4 mi","0","$0.00","1","4"
13,"samsung watch 5 band options","0","$0.00","1","4"
14,"samsung watch 5 band colors","0","$0.00","1","4"
15,"samsung watch 5 band types","0","$0.00","1","4"
16,"samsung watch 5 band material","0","$0.00","1","4"
17,"samsung watch 5 bands australia","0","$0.00","1","4"
18,"samsung watch 5 bands jb hi fi","0","$0.00","1","4"
19,"samsung watch 5 bands canada","0","$0.00","1","4"
20,"huawei smart watch band 6 app","0","$0.00","1","4"
21,"huawei smart watch band 6 waterproof","0","$0.00","1","4"
22,"huawei smart watch band 6 price philippines","0","$0.00","1","4"
23,"huawei smart watch band 6 price in pakistan","0","$0.00","1","4"
24,"huawei smart watch band 6 specs","0","$0.00","1","4"
25,"smart watch mi band 7","0","$0.00","1","4"
26,"huawei smart watch band 7 review","0","$0.00","1","4"
27,"huawei smart watch band 7 price in india","0","$0.00","1","4"
28,"huawei smart watch band 7 specs","0","$0.00","1","4"
29,"huawei smart watch band 7 price in qatar","0","$0.00","1","4"
30,"samsung watch 4 vs huawei band 7","0","$0.00","1","4"
31,"samsung watch 5 vs mi band 7","0","$0.00","1","4"
32,"smart watch huawei band 8","0","$0.00","1","4"
33,"smart watch band 8","0","$0.00","1","4"
34,"smart watch band brands","0","$0.00","1","4"
35,"smart band watch band","0","$0.00","1","4"
36,"samsung watch 4 best bands","0","$0.00","1","4"
37,"samsung watch band colors","0","$0.00","1","4"
38,"samsung watch band cost","0","$0.00","1","4"
39,"smart watch band connector","0","$0.00","1","4"
40,"smart watch band colors","0","$0.00","1","4"
41,"samsung watch straps currys","0","$0.00","1","4"
42,"samsung watch band discoloration","0","$0.00","1","4"
43,"samsung watch band differences","0","$0.00","1","4"
44,"samsung watch band disney","0","$0.00","1","4"
45,"samsung watch 4 disney band","0","$0.00","1","4"
46,"samsung watch 5 upgraded default band","0","$0.00","1","4"
47,"diy scrunchie samsung watch band","0","$0.00","1","4"
48,"samsung d buckle watch band","0","$0.00","1","4"
49,"samsung watch band ebay","0","$0.00","1","4"
50,"smart watch band etsy","0","$0.00","1","4"
51,"samsung galaxy watch band etsy","0","$0.00","1","4"
52,"samsung watch 4 straps ebay","0","$0.00","1","4"
53,"samsung watch 5 elastic band","0","$0.00","1","4"
54,"samsung watch 4 strap egypt","0","$0.00","1","4"
55,"samsung extreme sport band watch 5","0","$0.00","1","4"
56,"samsung watch band for sale","0","$0.00","1","4"
57,"smart watch band for rolex","0","$0.00","1","4"
58,"samsung watch fitness band","0","$0.00","1","4"
59,"smart watch band for","0","$0.00","1","4"
60,"samsung watch band guide","0","$0.00","1","4"
61,"samsung watch bands galaxy 5","0","$0.00","1","4"
62,"samsung watch bands good guys","0","$0.00","1","4"
63,"samsung watch strap green","0","$0.00","1","4"
64,"smart band watch girl","0","$0.00","1","4"
65,"samsung watch 5 green band","0","$0.00","1","4"
66,"samsung watch bands harvey norman","0","$0.00","1","4"
67,"smart watch band ho jaye to kya karen","0","$0.00","1","4"
68,"samsung watch strap how to change","0","$0.00","1","4"
69,"samsung watch strap irritating skin","0","$0.00","1","4"
70,"smart watch band instructions","0","$0.00","1","4"
71,"smart watch band price in nepal","0","$0.00","1","4"
72,"smart watch band price in pakistan","0","$0.00","1","4"
73,"smart watch band price in sri lanka","0","$0.00","1","4"
74,"smart watch band price in bangladesh","0","$0.00","1","4"
75,"samsung watch 3 bands jb hi fi","0","$0.00","1","4"
76,"smart watch band korean","0","$0.00","1","4"
77,"smart watch ka band","0","$0.00","1","4"
78,"samsung watch band large","0","$0.00","1","4"
79,"samsung watch ladies strap","0","$0.00","1","4"
80,"smart watch large band","0","$0.00","1","4"
81,"samsung gear large band","0","$0.00","1","4"
82,"samsung watch 5 longer band","0","$0.00","1","4"
83,"samsung watch band material","0","$0.00","1","4"
84,"samsung watch magic band","0","$0.00","1","4"
85,"samsung watch strap malaysia","0","$0.00","1","4"
86,"smart watch band m7","0","$0.00","1","4"
87,"smart watch band market","0","$0.00","1","4"
88,"samsung watch straps near me","0","$0.00","1","4"
89,"samsung watch nylon band","0","$0.00","1","4"
90,"smart watch band name","0","$0.00","1","4"
91,"smart watch band new","0","$0.00","1","4"
92,"samsung galaxy watch band near me","0","$0.00","1","4"
93,"samsung hybrid leather band navy","0","$0.00","1","4"
94,"samsung watch bands officeworks","0","$0.00","1","4"
95,"smart watch band oppo","0","$0.00","1","4"
96,"smart watch band online shopping","0","$0.00","1","4"
97,"smart watch band online price","0","$0.00","1","4"
98,"smart watch band online india","0","$0.00","1","4"
99,"smart watch band online purchase","0","$0.00","1","4"
100,"smart watch band opener","0","$0.00","1","4"
101,"samsung galaxy watch band original","0","$0.00","1","4"
102,"samsung watch band purple","0","$0.00","1","4"
103,"samsung watch bands perth","0","$0.00","1","4"
104,"smart watch band price","0","$0.00","1","4"
105,"samsung watch straps pakistan","0","$0.00","1","4"
106,"samsung watch strap pins","0","$0.00","1","4"
107,"samsung watch pro band","0","$0.00","1","4"
108,"smart watch band price list","0","$0.00","1","4"
109,"samsung watch straps in qatar","0","$0.00","1","4"
110,"samsung watch 4 straps qatar","0","$0.00","1","4"
111,"samsung watch strap removal","0","$0.00","1","4"
112,"samsung watch strap rash","0","$0.00","1","4"
113,"samsung smartwatch band review","0","$0.00","1","4"
114,"smart watch realme band 2","0","$0.00","1","4"
115,"smart band watch running","0","$0.00","1","4"
116,"samsung watch band silver","0","$0.00","1","4"
117,"samsung watch band small","0","$0.00","1","4"
118,"smart watch band smells","0","$0.00","1","4"
119,"smart watch band seed","0","$0.00","1","4"
120,"samsung watch band to buy","0","$0.00","1","4"
121,"smart watch band terbaik","0","$0.00","1","4"
122,"smart band watch under 2000","0","$0.00","1","4"
123,"smart watch ultra band","0","$0.00","1","4"
124,"samsung watch 5 straps uk","0","$0.00","1","4"
125,"how to use samsung watch band","0","$0.00","1","4"
126,"verizon samsung watch band","0","$0.00","1","4"
127,"upcycled louis vuitton samsung watch band","0","$0.00","1","4"
128,"samsung watch band width","0","$0.00","1","4"
129,"samsung watch 5 watch band","0","$0.00","1","4"
130,"samsung watch band xl","0","$0.00","1","4"
131,"smart watch band xiaomi","0","$0.00","1","4"
132,"smart watch xiaomi band 7","0","$0.00","1","4"
133,"smart watch xiaomi band 7 pro","0","$0.00","1","4"
134,"samsung galaxy watch 5 xl band","0","$0.00","1","4"
135,"yellow samsung watch band","0","$0.00","1","4"
136,"smart watch mi band 3","10","$0.00","1","5"
137,"smart watch band 4","10","$0.00","1","5"
138,"samsung watch 4 band options","10","$0.00","1","5"
139,"huawei smart watch band 6 price","10","$0.00","1","5"
140,"smart watch and band","10","$0.00","1","5"
141,"smart watch dz09 band","10","$0.00","1","5"
142,"samsung gear s band extension","10","$0.00","1","5"
143,"smart watch band holder","10","$0.00","1","5"
144,"smart watch honor band 5","10","$0.00","1","5"
145,"samsung watch straps india","10","$0.00","1","5"
146,"smart watch band mi","10","$0.00","1","5"
147,"smart watch band m6","10","$0.00","1","5"
148,"smart watch only band","10","$0.00","1","5"
149,"smart band watch time setting","10","$0.00","1","5"
150,"samsung watch straps uk","10","$0.00","1","5"
151,"smart band watch user guide","10","$0.00","1","5"
152,"smart watch xiaomi band 5","10","$0.00","1","5"
153,"smart watch mi band 6","10","$0.00","28","14"
154,"smart watch band rash","10","$0.00","32","15"
155,"smart band watch faces","10","$0.00","43","18"
156,"cape diablo samsung watch band","30","$24.20","100","19"
157,"samsung watch 4 large band","20","$0.00","75","28"
158,"galaxy watch 1 band size","20","$0.00","84","31"
159,"smart watch band app","10","$0.00","86","31"
160,"watch band for you samsung","10","$0.00","86","31"
161,"samsung watch band compatibility","10","$0.00","89","32"
162,"smart watch band irritating skin","10","$0.00","95","34"
163,"samsung watch band metal","30","$1.14","100","36"
164,"samsung watch 2 band","140","$0.58","100","36"
165,"samsung watch band active 2","110","$0.40","100","36"
166,"samsung gear 3 band","70","$2.15","100","36"
167,"smart watch hero band 3","10","$0.00","100","36"
168,"41mm samsung watch 3 band","20","$1.11","100","36"
169,"huawei smart watch band 3","10","$0.00","100","36"
170,"smart watch band 5","10","$0.00","100","36"
171,"smart watch band 6","10","$0.00","100","36"
172,"smart watch honor band 6","10","$0.00","100","36"
173,"samsung watch ankle strap","30","$0.38","100","36"
174,"smart watch beaded band","20","$4.28","100","36"
175,"samsung brand watch bands","30","$1.62","100","36"
176,"samsung watch d buckle strap","10","$0.00","100","36"
177,"samsung watch 5 pro d buckle band","10","$2.55","100","36"
178,"smart watch band change","10","$0.00","100","36"
179,"smart watch band cover","10","$0.00","100","36"
180,"diy samsung watch band","20","$0.00","100","36"
181,"samsung watch extreme sport band","20","$0.00","100","36"
182,"smart watch band for ladies","10","$0.00","100","36"
183,"samsung watch bands galaxy 4","40","$0.36","100","36"
184,"samsung watch global goals band","10","$0.00","100","36"
185,"smart watch band jewelry","10","$2.78","100","36"
186,"smart watch band organizer","10","$0.00","100","36"
187,"samsung watch band rose gold","20","$0.00","100","36"
188,"samsung watch sport band","40","$0.00","100","36"
189,"samsung watch band types","10","$0.00","100","36"
190,"smart watch band usb charger","10","$0.00","100","36"
191,"samsung watch 4 watch band","70","$0.82","100","36"
192,"smart watch scrunchie band","20","$0.55","100","41"
193,"smart watch band sizes","70","$0.55","100","44"
194,"samsung galaxy watch elastic band","20","$0.39","100","45"
195,"engraved samsung watch band","20","$1.00","100","47"
196,"louis vuitton samsung watch band","210","$0.59","99","51"
197,"dallas cowboys samsung watch band","40","$0.00","100","52"
198,"samsung galaxy watch bling bands","70","$0.93","100","54"
199,"samsung watch band connector","30","$0.00","100","57"
200,"samsung watch 4 gold band","30","$0.00","100","57"
201,"samsung watch gold band","70","$0.00","100","58"
202,"samsung watch 5 band size","140","$1.43","98","59"
203,"hello kitty samsung watch band","90","$0.34","100","59"
204,"samsung watch 3 band size","70","$0.37","91","60"
205,"smart watch band charms","70","$1.24","100","60"
206,"michael kors samsung watch band","110","$1.02","100","60"
207,"how to change bands on galaxy watch","30","$0.00","74","60"
208,"samsung watch 5 straps","170","$2.27","100","61"
209,"samsung beaded watch band","50","$2.99","97","61"
210,"smart caviar watch band dupe","30","$0.00","100","61"
211,"samsung galaxy watch diamond band","20","$0.83","100","61"
212,"samsung watch bands 42mm","140","$1.44","100","62"
213,"samsung watch band leather","50","$3.38","100","62"
214,"samsung galaxy watch 1 band","50","$0.90","100","62"
215,"extra long samsung watch band","20","$0.72","100","62"
216,"samsung watch 4 band size","140","$3.19","100","63"
217,"smart watch gold band","40","$1.70","100","63"
218,"samsung watch trade in band","30","$10.19","73","63"
219,"smart band watch your health steward","50","$0.00","100","63"
220,"samsung watch bands 40mm","320","$1.24","100","64"
221,"samsung watch bands 44mm","90","$1.18","100","64"
222,"samsung watch bracelet bands","70","$0.00","100","64"
223,"smart watch bracelet band","70","$0.75","100","64"
224,"samsung hybrid leather band review","30","$0.00","100","64"
225,"star wars samsung watch band","50","$1.28","100","64"
226,"samsung watch 5 bands 40mm","480","$1.67","100","65"
227,"samsung galaxy watch band","4,400","$1.15","100","65"
228,"kate spade samsung watch band","70","$0.91","100","65"
229,"nike samsung watch band","30","$0.00","100","65"
230,"samsung watch bands nearby","30","$0.00","100","67"
231,"samsung gear 2 band","70","$0.59","100","67"
232,"samsung watch magnetic band","30","$0.81","100","67"
233,"samsung gear s3 band","260","$1.65","100","67"
234,"samsung watch 4 band length","20","$0.00","97","68"
235,"samsung watch 3 straps","70","$0.44","94","69"
236,"smart watch band apple","210","$1.83","100","69"
237,"samsung watch velcro band","20","$0.00","100","69"
238,"samsung gear s2 band","390","$0.47","100","70"
239,"samsung watch with metal band","30","$2.45","100","70"
240,"samsung galaxy watch 4 white band","20","$0.00","100","70"
241,"samsung watch bands best buy","30","$0.37","100","71"
242,"samsung galaxy watch band for large wrist","20","$0.88","100","71"
243,"samsung watch band pins","10","$0.00","100","71"
244,"smart watch hero band iii","10","$0.00","1","73"
245,"smartwatch hero band iii","20","$0.00","100","73"
246,"smart watch wrist band","20","$10.16","100","74"
247,"samsung watch band replacement","720","$0.98","100","75"
248,"samsung watch bands active 2","210","$0.78","100","75"
249,"smart watch white band","20","$0.00","100","76"
250,"uag samsung watch band","30","$0.18","100","78"
251,"samsung watch band amazon","390","$0.85","100","79"
252,"samsung watch 5 bands amazon","40","$0.00","100","79"
253,"smart watch fitness band","40","$1.23","100","79"
254,"samsung watch fabric strap","20","$0.64","100","79"
255,"zox samsung watch band","40","$2.26","100","79"
256,"samsung watch 3 titanium band","20","$0.97","100","88"
257,"samsung watch bands walmart","20","$0.00","92","93"
258,"samsung gear fit band","20","$0.00","100","93"
