No,Keyword,Volume,Position,Estimated Visits,Search Difficulty
1,samsung watch band,12100,24,17,63
2,samsung watch bands,12100,19,17,62
3,galaxy watch 4 bands,6600,57,0,61
4,galaxy watch bands,5400,27,5,69
5,galaxy watch band,5400,32,0,65
6,samsung galaxy watch 4 bands,4400,48,0,67
7,samsung galaxy watch band,4400,34,0,65
8,samsung galaxy watch bands,4400,32,0,69
9,samsung watch 4 band,2900,27,2,64
10,galaxy 4 watch bands,2900,51,0,69
11,samsung watch 4 bands,2900,35,0,67
12,samsung watch 5 bands,2400,31,1,68
13,galaxy watch 3 bands,1900,28,1,61
14,galaxy watch 3 band,1900,24,1,56
15,samsung galaxy 4 watch bands,1600,39,0,68
16,custom watch bands,1000,9,5,34
17,samsung galaxy watch 3 band,1000,24,0,65
18,samsung smartwatch bands,1000,28,0,63
19,samsung galaxy 5 watch bands,1000,33,0,68
20,samsung smart watch bands,1000,47,0,62
21,samsung smartwatch band,1000,38,0,65
22,samsung galaxy watch 3 bands,1000,39,0,61
23,samsung smart watch band,1000,41,0,62
24,galaxy watch 5 band,1000,41,0,68
25,samsung watch strap,880,26,2,63
26,samsung watch 3 band,880,20,1,68
27,samsung watch straps,880,21,1,57
28,samsung watch 3 bands,880,23,0,64
29,watch bands for galaxy watch 4,880,41,0,67
30,watch band for galaxy watch 4,880,39,0,68
31,samsung galaxy watch 5 pro bands,880,41,0,71
32,watch band for galaxy watch,720,39,0,64
33,watch bands for galaxy watch,720,29,0,60
34,galaxy watch 5 pro band,720,41,0,67
35,galaxy 3 watch bands,590,14,1,65
36,watch bands for samsung galaxy watch,590,16,1,69
37,galaxy 3 watch band,590,22,0,65
38,galaxy watch strap,590,35,0,60
39,watch band for samsung galaxy watch,590,47,0,65
40,custom watch strap,590,87,0,32
41,galaxy watch straps,590,45,0,61
42,samsung galaxy 3 watch band,480,18,2,64
43,galaxy watch 4 strap,480,27,2,54
44,samsung bands,480,15,2,67
45,galaxy watch 4 straps,480,37,0,56
46,watch bands for galaxy watch 5,480,23,0,66
47,samsung galaxy watch strap,390,16,1,63
48,samsung galaxy watch straps,390,43,0,63
49,samsung watch case,390,24,0,64
50,galaxy watch 4 wrist bands,320,28,0,67
51,watch bands for samsung galaxy watch 4,320,38,0,61
52,galaxy bands,320,47,0,68
53,how to change samsung watch band,320,30,0,80
54,watch 5 bands,320,42,0,66
55,watch bands for galaxy watch 3,260,19,3,62
56,designer watch bands for galaxy watch 4,260,22,0,66
57,watch band for galaxy watch 3,260,23,0,65
58,galaxy watch 5 straps,260,30,0,61
59,galaxy watch 3 45mm band,260,34,0,65
60,samsung watch wristband,260,26,0,68
61,galaxy watch 3 45mm bands,260,34,0,58
62,galaxy watch wristband,260,42,0,63
63,galaxy watch wristbands,260,46,0,69
64,samsung watch 4 straps,260,28,0,56
65,samsung wristband watch,260,47,0,62
66,bands for samsung watch 4,260,44,0,68
67,samsung active watch band,210,39,0,57
68,how to change galaxy watch 4 band,210,41,0,66
69,samsung galaxy watch 4 straps,210,29,0,56
70,galaxy watch pro 5 bands,210,39,0,64
71,designer samsung watch bands,170,16,1,64
72,galaxy watch 5 pro leather band,170,54,0,72
73,galaxy watch 3 band 45mm,170,33,0,53
74,samsung galaxy watch cases,170,51,0,76
75,samsung active watch bands,170,30,0,58
76,samsung galaxy watch wristband,170,37,0,69
77,galaxy watch 3 bands 45mm,170,27,0,53
78,galaxy watch 5 40mm bands,170,40,0,65
79,samsung watch 5 straps,170,27,0,61
80,smart watch bands samsung,170,31,0,63
81,galaxy watch 5 pro straps,170,32,0,66
82,smartwatch bands samsung,170,26,0,63
83,smart watch band samsung,170,47,0,58
84,watchband for samsung watch,170,52,0,64
85,custom galaxy watch bands,140,1,68,34
86,samsung galaxy band,140,14,1,65
87,designer galaxy watch bands,140,22,0,59
88,samsung galaxy watch 5 straps,140,28,0,61
89,bespoke watch strap,140,85,0,23
90,fancy bands for samsung watch,140,63,0,29
91,samsung galaxy bands,140,31,0,68
92,samsung galaxy watch 4 wristbands,140,23,0,67
93,samsung watch 2 bands,140,39,0,62
94,custom samsung watch bands,110,1,68,42
95,galaxy watch 3 straps,110,14,1,50
96,disney samsung watch band,110,30,0,60
97,galaxy active watch bands,110,28,0,58
98,galaxy watch 3 strap,110,20,0,58
99,how to change galaxy watch band,110,32,0,74
100,samsung custom,110,36,0,73
101,samsung watch 4 wristband,110,43,0,67
102,samsung customs,110,61,0,75
103,fancy bands for samsung,110,63,0,31
104,samsung galaxy watch 4 watch bands,110,20,0,68
105,how to change watch band on galaxy watch 4,110,40,0,67
106,samsung watch 5 cover,110,67,0,70
107,galaxy watch 3 case,110,49,0,55
108,samsung watch bracelet,90,38,0,63
109,change samsung watch band,90,20,0,59
110,samsung galaxy watch 4 leather band,90,42,0,58
111,galaxy watch 5 pro strap,90,34,0,69
112,global watch band,90,68,0,66
113,galaxy watch 5 strap,90,30,0,55
114,luxury samsung watch bands,90,56,0,36
115,how to change strap on samsung galaxy watch 4,90,58,0,58
116,galaxy watch designer,90,50,0,79
117,bands for samsung galaxy watch 4,90,44,0,61
118,samsung watch 3 straps,70,18,2,69
119,samsung galaxy watch 3 strap,70,14,1,57
120,samsung watch belt,70,51,0,63
121,how to change a samsung watch band,70,40,0,80
122,samsung watch gold band,70,80,0,58
123,samsung galaxy watch leather band,70,42,0,58
124,samsung watch 3 bands 45mm,70,29,0,54
125,samsung smart watch strap,70,23,0,63
126,how to change band on galaxy watch 5,70,39,0,60
127,samsung watch 4 leather band,70,36,0,59
128,samsung watch bracelet bands,70,40,0,64
129,bands for samsung gear 3,70,29,0,61
130,gold samsung watch band,70,61,0,55
131,samsung gear 3 bands,70,32,0,61
132,watch bands for samsung,70,33,0,63
133,samsung smart watch straps,70,21,0,63
134,personalized samsung watch bands,50,3,3,38
135,samsung designer watch bands,50,9,2,57
136,bands for samsung galaxy watch 3,50,16,1,59
137,replacement band for galaxy watch 4,50,50,0,67
138,how to change samsung watch 4 band,50,31,0,68
139,samsung watch 3 bands 41mm,50,23,0,62
140,watch band galaxy watch 3,50,41,0,54
141,samsung galaxy 3 watch bands 41mm,50,19,0,58
142,galaxy watch 4 disney bands,50,55,0,66
143,watch 3 bands,50,44,0,58
144,disney galaxy watch band,50,52,0,61
145,how to change samsung galaxy watch 4 band,50,33,0,68
146,how to change watch band on galaxy watch 5,50,41,0,77
147,samsung band watch,50,62,0,72
148,samsung galaxy watch 3 replacement band,50,31,0,62
149,disney watch band for samsung galaxy watch,50,30,0,65
150,samsung watch 5 pro strap,50,28,0,63
151,samsung galaxy 5 watch accessories,50,28,0,68
152,samsung g5 watch,50,27,0,77
153,galaxy 4 watch straps,50,27,0,60
154,samsung smartwatch wristbands,50,34,0,62
155,samsung galaxy watch 3 wristbands,50,32,0,62
156,samsung galaxy watch 5 leather band,50,34,0,67
157,galaxy watch 4 custom bands,40,2,5,51
158,custom watch bands for samsung galaxy watch,40,2,5,37
159,custom galaxy watch 4 bands,40,3,3,42
160,galaxy wristbands,40,19,1,56
161,designer watch bands for galaxy watch,40,19,1,53
162,samsung disney watch bands,40,14,1,63
163,xl samsung watch band,40,17,1,58
164,galaxy watch 4 designer bands,40,21,0,55
165,samsung smartwatch accessories,40,34,0,66
166,can you change the band on samsung galaxy watch 4,40,40,0,66
167,galaxy watch 4 change band,40,30,0,62
168,how to change samsung galaxy watch band,40,33,0,81
169,can you change galaxy watch bands,40,24,0,66
170,samsung galaxy watch 4 disney bands,40,58,0,65
171,galaxy active 4 watch bands,40,32,0,67
172,how to change samsung smart watch band,40,33,0,73
173,galaxy samsung watch bands,40,20,0,65
174,samsung galaxy watch replacement parts,40,41,0,60
175,fancy bands samsung,40,65,0,41
176,samsung smartwatch case,40,57,0,64
177,samsung watch trade in band,30,7,1,63
178,custom galaxy watch 4,30,9,1,59
179,strap for samsung galaxy watch,30,17,1,60
180,samsung galaxy watch 4 custom bands,30,4,0,44
181,wrist bands for galaxy watch 3,30,22,0,67
182,watch straps for galaxy watch 4,30,30,0,61
183,galaxy watch 4 band types,30,24,0,68
184,designer galaxy watch 4 bands,30,20,0,58
185,samsung watch 3 case,30,25,0,66
186,samsung watch 3 cases,30,26,0,67
187,samsung watch silver band,30,81,0,65
188,45mm galaxy watch 3 bands,30,28,0,65
189,samsung galaxy 3 bands,30,23,0,61
190,samsung active bands,30,45,0,58
191,samsung galaxy 4 watch strap,30,21,0,61
192,samsung watch 3 leather band,30,24,0,62
193,samsung galaxy watch 45mm bands,30,27,0,59
194,samsung case straps,30,31,0,73
195,samsung watch active bands,30,24,0,57
196,samsung watch charms,30,39,0,48
197,galaxy watch watch bands,30,41,0,62
198,galaxy watch 4 xl bands,30,20,0,64
199,samsung smartwatch 3 bands,30,44,0,67
200,customize galaxy watch 4,30,20,0,70
201,bands for samsung watch 3,30,33,0,61
202,designer watch bands for samsung active 2,30,23,0,57
203,disney watch band for samsung galaxy watch 4,30,34,0,63
204,samsung galaxy straps,30,20,0,56
205,samsung bands galaxy watch,30,41,0,68
206,samsung android watch bands,30,40,0,62
207,where to buy samsung watch bands,30,49,0,67
208,samsung smart watch accessories,30,34,0,70
209,mens galaxy watch bands,30,82,0,57
210,samsung smartwatch replacement bands,30,49,0,62
211,samsung galaxy watch 4 gold band,30,69,0,54
212,samsung galaxy watch 4 xl band,30,23,0,62
213,how to change samsung watch 5 band,30,38,0,78
214,antibacterial apple watch band,30,57,0,43
215,watch 4 bands samsung,30,27,0,67
216,samsung active 3 watch bands,20,18,1,60
217,galaxy watch 4 customize,20,19,1,76
218,galaxy watch designer bands,20,17,1,62
219,samsung galaxy active 4 watch bands,20,39,0,67
220,samsung galaxy watch disney bands,20,32,0,69
221,galaxy s9 watches,20,31,0,70
222,samsung galaxy watch luxury bands,20,66,0,48
223,samsung watch 4 band replacement,20,33,0,64
224,samsung galaxy leather watch bands,20,41,0,62
225,gold galaxy watch 4 band,20,37,0,52
226,watch strap for samsung galaxy watch 4,20,20,0,61
