No,Keywords,Volume,Position,Est. Visits,Seo Difficulty,Ranking Url
1,samsung watch band,12100,51,0,63,http://printmystrap.com/product/custom-galaxy-watch-band/
2,galaxy watch 4 band,8100,36,0,68,http://printmystrap.com/product/custom-galaxy-watch-band/
3,galaxy watch 4 bands,6600,36,0,61,http://printmystrap.com/product/custom-galaxy-watch-band/
4,pixel watch bands,6600,45,0,73,http://printmystrap.com/product/custom-google-pixel-watch-band/
5,galaxy watch band,5400,40,10,65,http://printmystrap.com/product/custom-galaxy-watch-band/
6,fitbit watchband,5400,24,8,58,http://printmystrap.com/product/custom-fitbit-watch-band/
7,apple watch band customizer,5400,25,4,60,http://printmystrap.com/product/custom-apple-watch-strap/
8,galaxy watch bands,5400,35,0,69,http://printmystrap.com/product/custom-galaxy-watch-band/
9,customizing apple watch band,5400,43,0,53,http://printmystrap.com/product/custom-apple-watch-strap/
10,fitbit watches bands,5400,55,0,62,http://printmystrap.com/product/custom-fitbit-watch-band/
11,customizable apple watch bands,5400,60,0,53,http://printmystrap.com/product/custom-apple-watch-strap/
12,custom apple watch bands,5400,90,0,53,http://printmystrap.com/product/custom-apple-watch-strap/
13,customize apple watch band,5400,37,0,53,http://printmystrap.com/product/custom-apple-watch-strap/
14,customize apple watch bands,5400,61,0,53,http://printmystrap.com/product/custom-apple-watch-strap/
15,apple watch bands custom,5400,62,0,53,http://printmystrap.com/product/custom-apple-watch-strap/
16,customized apple watch band,5400,73,0,60,http://printmystrap.com/product/custom-galaxy-watch-band/
17,apple watch bands remove,4400,57,0,79,http://printmystrap.com/product/remove-before-flight-apple-watch-strap/
18,fitbit sense bands,4400,40,0,64,http://printmystrap.com/product/custom-fitbit-watch-band/
19,google pixel watch bands,3600,53,0,73,http://printmystrap.com/product/custom-google-pixel-watch-band/
20,epic watch band,2900,24,3,70,http://printmystrap.com/product/tiger-camouflage-apple-watch-strap/
21,galaxy 4 watch bands,2900,20,2,69,http://printmystrap.com/product/custom-galaxy-watch-band/
22,google watch band,2900,58,0,73,http://printmystrap.com/product/custom-google-pixel-watch-band/
23,galaxy 4 watch band,2900,33,0,64,http://printmystrap.com/product/custom-galaxy-watch-band/
24,galaxy watch 3 bands,1900,22,1,61,http://printmystrap.com/product/custom-galaxy-watch-band/
25,galaxy watch 3 band,1900,21,1,56,http://printmystrap.com/product/custom-galaxy-watch-band/
26,galaxy watch 4 classic band,1900,28,0,61,http://printmystrap.com/product/custom-galaxy-watch-band/
27,fitbit wristband,1600,32,0,71,http://printmystrap.com/product/custom-fitbit-watch-band/
28,straps for fitbit,1300,35,0,52,http://printmystrap.com/product/custom-fitbit-watch-band/
29,strap for fitbit,1300,22,0,63,http://printmystrap.com/product/custom-fitbit-watch-band/
30,my pretty straps,1300,52,0,65,http://printmystrap.com/
31,fitbit straps,1300,60,0,50,http://printmystrap.com/product/custom-fitbit-watch-band/
32,customize watch band,1000,40,0,54,http://printmystrap.com/product/custom-galaxy-watch-band/
33,galaxy watch 5 band,1000,24,0,68,http://printmystrap.com/product/custom-galaxy-watch-band/
34,customized watch bands,1000,42,0,48,http://printmystrap.com/product/custom-galaxy-watch-band/
35,custom apple watches,1000,53,0,53,http://printmystrap.com/product/custom-apple-watch-strap/
36,custom watch bands,1000,88,0,34,http://printmystrap.com/product/custom-galaxy-watch-band/
37,personalized apple watch bands,1000,63,0,49,http://printmystrap.com/product/custom-apple-watch-strap/
38,customizable watch bands,1000,63,0,47,http://printmystrap.com/product/custom-galaxy-watch-band/
39,customized watch band,1000,47,0,48,http://printmystrap.com/product/custom-galaxy-watch-band/
40,watch band custom,1000,64,0,48,http://printmystrap.com/product/custom-galaxy-watch-band/
41,samsung galaxy watch 3 bands,1000,28,0,61,http://printmystrap.com/product/custom-galaxy-watch-band/
42,custom watch band,1000,85,0,33,http://printmystrap.com/product/custom-galaxy-watch-band/
43,samsung galaxy watch 3 band,1000,26,0,65,http://printmystrap.com/product/custom-galaxy-watch-band/
44,samsung watch strap,880,27,2,63,http://printmystrap.com/product/custom-galaxy-watch-band/
45,samsung galaxy watch 4 classic band,880,21,1,65,http://printmystrap.com/product/custom-galaxy-watch-band/
46,watch bands for galaxy watch 4,880,42,0,67,http://printmystrap.com/product/custom-galaxy-watch-band/
47,samsung watch straps,880,50,0,57,http://printmystrap.com/product/custom-galaxy-watch-band/
48,watch band for galaxy watch 4,880,39,0,68,http://printmystrap.com/product/custom-galaxy-watch-band/
49,colored triangles,880,66,0,49,http://printmystrap.com/product/colored-triangles-apple-watch-strap/
50,samsung galaxy watch 5 pro bands,880,27,0,71,http://printmystrap.com/product/custom-galaxy-watch-band/
51,galaxy watch 5 pro band,720,30,0,67,http://printmystrap.com/product/custom-galaxy-watch-band/
52,watch band for galaxy watch,720,43,0,64,http://printmystrap.com/product/custom-galaxy-watch-band/
53,samsung replacement watch bands,720,32,0,62,http://printmystrap.com/product/custom-galaxy-watch-band/
54,watch bands for galaxy watch,720,42,0,60,http://printmystrap.com/product/custom-galaxy-watch-band/
55,galaxy watch straps,590,34,0,61,http://printmystrap.com/product/custom-galaxy-watch-band/
56,galaxy watch strap,590,38,0,60,http://printmystrap.com/product/custom-galaxy-watch-band/
57,galaxy 3 watch band,590,23,0,65,http://printmystrap.com/product/custom-galaxy-watch-band/
58,custom watch strap,590,81,0,32,http://printmystrap.com/product/custom-apple-watch-strap/
59,watch bands for samsung galaxy watch,590,41,0,69,http://printmystrap.com/product/custom-galaxy-watch-band/
60,watch straps custom,590,86,0,31,http://printmystrap.com/product/custom-apple-watch-strap/
61,watchband for samsung galaxy watch,590,39,0,62,http://printmystrap.com/product/custom-galaxy-watch-band/
62,customized watch strap,590,72,0,34,http://printmystrap.com/product/custom-galaxy-watch-band/
63,customize watch strap,590,43,0,33,http://printmystrap.com/product/custom-apple-watch-strap/
64,custom strap watch,590,59,0,31,http://printmystrap.com/product/custom-apple-watch-strap/
65,galaxy 3 watch bands,590,31,0,65,http://printmystrap.com/product/custom-galaxy-watch-band/
66,bands for galaxy watch 4,590,37,0,67,http://printmystrap.com/product/custom-galaxy-watch-band/
67,glowing dragon,590,54,0,67,http://printmystrap.com/product/glowing-dragon-flies-apple-watch-strap/
68,galaxy watch 4 straps,480,43,0,56,http://printmystrap.com/product/custom-galaxy-watch-band/
69,galaxy watch 4 strap,480,36,0,54,http://printmystrap.com/product/custom-galaxy-watch-band/
70,watch 5 pro bands,480,37,0,70,http://printmystrap.com/product/custom-galaxy-watch-band/
71,how to remove apple watch strap,480,39,0,81,http://printmystrap.com/product/remove-before-flight-apple-watch-strap/
72,samsung galaxy 3 watch band,480,28,0,64,http://printmystrap.com/product/custom-galaxy-watch-band/
73,remove before flight apple watch band,390,10,1,46,http://printmystrap.com/product/remove-before-flight-apple-watch-strap/
74,galaxy watch 4 bands 44mm,390,20,1,65,http://printmystrap.com/product/custom-galaxy-watch-band/
75,custom the band,390,33,0,47,http://printmystrap.com/product/custom-galaxy-watch-band/
76,fitbit replacement strap,390,45,0,63,http://printmystrap.com/product/custom-fitbit-watch-band/
77,samsung galaxy watch straps,390,64,0,63,http://printmystrap.com/product/custom-galaxy-watch-band/
78,custom band,390,52,0,44,http://printmystrap.com/product/custom-galaxy-watch-band/
79,google pixel watch accessories,390,29,0,70,http://printmystrap.com/product/custom-google-pixel-watch-band/
80,how to remove strap from apple watch,390,32,0,80,http://printmystrap.com/product/remove-before-flight-apple-watch-strap/
81,band galaxy,320,20,2,59,http://printmystrap.com/product/custom-galaxy-watch-band/
82,galaxy watch 4 wrist bands,320,25,0,67,http://printmystrap.com/product/custom-galaxy-watch-band/
83,galaxy watch 4 wristbands,320,30,0,65,http://printmystrap.com/product/custom-galaxy-watch-band/
84,galaxy bands,320,42,0,68,http://printmystrap.com/product/custom-galaxy-watch-band/
85,retro apple watch band,320,57,0,46,http://printmystrap.com/product/retro-future-apple-watch-strap/
86,galaxy watch 4 40mm bands,320,23,0,68,http://printmystrap.com/product/custom-galaxy-watch-band/
87,pixel watch straps,320,52,0,75,http://printmystrap.com/product/custom-google-pixel-watch-band/
88,watch band for galaxy watch 3,260,18,1,65,http://printmystrap.com/product/custom-galaxy-watch-band/
89,samsung gear 2 watchband,260,27,1,68,http://printmystrap.com/product/custom-galaxy-watch-band/
90,galaxy smart watch bands,260,20,1,56,http://printmystrap.com/product/custom-galaxy-watch-band/
91,galaxy watch 2 bands,260,22,0,62,http://printmystrap.com/product/custom-galaxy-watch-band/
92,galaxy 4 classic watch bands,260,36,0,70,http://printmystrap.com/product/custom-galaxy-watch-band/
93,galaxy watch 3 45mm band,260,23,0,65,http://printmystrap.com/product/custom-galaxy-watch-band/
94,designer watch bands for galaxy watch 4,260,38,0,66,http://printmystrap.com/product/custom-galaxy-watch-band/
95,galaxy watch 5 straps,260,35,0,61,http://printmystrap.com/product/custom-galaxy-watch-band/
96,custom apple watch bands leather,260,74,0,50,http://printmystrap.com/product/custom-apple-watch-strap/
97,samsung watch wristband,260,32,0,68,http://printmystrap.com/product/custom-galaxy-watch-band/
98,remove apple watch strap,260,40,0,74,http://printmystrap.com/product/remove-before-flight-apple-watch-strap/
99,apple watch remove strap,260,48,0,82,http://printmystrap.com/product/remove-before-flight-apple-watch-strap/
100,galaxy watch band replacement,260,30,0,69,http://printmystrap.com/product/custom-galaxy-watch-band/
101,watch bands for galaxy watch 3,260,22,0,62,http://printmystrap.com/product/custom-galaxy-watch-band/
102,galaxy watch 3 45mm bands,260,23,0,58,http://printmystrap.com/product/custom-galaxy-watch-band/
103,galaxy watch wristband,260,44,0,63,http://printmystrap.com/product/custom-galaxy-watch-band/
104,custom leather apple watch bands,260,89,0,36,http://printmystrap.com/product/custom-apple-watch-strap/
105,samsung galaxy watch 46mm band,260,26,0,60,http://printmystrap.com/product/custom-galaxy-watch-band/
106,apple watch strap black,260,78,0,61,http://printmystrap.com/product/black-white-alien-language-apple-watch-strap/
107,samsung galaxy watch 4 bands 44mm,260,34,0,70,http://printmystrap.com/product/custom-galaxy-watch-band/
108,apple watch custom leather band,260,98,0,37,http://printmystrap.com/product/custom-apple-watch-strap/
109,apple watch straps remove,260,36,0,81,http://printmystrap.com/product/remove-before-flight-apple-watch-strap/
110,galaxy watch 4 watch bands,260,37,0,68,http://printmystrap.com/product/custom-galaxy-watch-band/
111,samsung watch 4 strap,260,33,0,56,http://printmystrap.com/product/custom-galaxy-watch-band/
112,galaxy watch wristbands,260,43,0,69,http://printmystrap.com/product/custom-galaxy-watch-band/
113,apple watch black strap,260,66,0,59,http://printmystrap.com/product/black-white-alien-language-apple-watch-strap/
114,galaxy watch 5 bands 44mm,210,22,0,65,http://printmystrap.com/product/custom-galaxy-watch-band/
115,fitbit watches straps,210,39,0,60,http://printmystrap.com/product/custom-fitbit-watch-band/
116,samsung galaxy watch 2 bands,210,29,0,62,http://printmystrap.com/product/custom-galaxy-watch-band/
117,fitbit with watch strap,210,29,0,57,http://printmystrap.com/product/custom-fitbit-watch-band/
118,samsung galaxy watch 4 straps,210,31,0,56,http://printmystrap.com/product/custom-galaxy-watch-band/
119,galaxy watch bands 42mm,210,25,0,61,http://printmystrap.com/product/custom-galaxy-watch-band/
120,samsung active watch band,210,43,0,57,http://printmystrap.com/product/custom-galaxy-watch-band/
121,samsung galaxy watch 46mm bands,210,28,0,64,http://printmystrap.com/product/custom-galaxy-watch-band/
122,dotted watch,210,68,0,44,http://printmystrap.com/product/digital-dots-apple-watch-strap/
123,custom airtag,210,71,0,47,http://printmystrap.com/product/custom-apple-airtag-case/
124,fitbit watch straps,210,55,0,53,http://printmystrap.com/product/custom-fitbit-watch-band/
125,fitbit watch strap,210,36,0,59,http://printmystrap.com/product/custom-fitbit-watch-band/
126,galaxy watch pro 5 bands,210,27,0,64,http://printmystrap.com/product/custom-galaxy-watch-band/
127,watch band for galaxy active 2,210,28,0,62,http://printmystrap.com/product/custom-galaxy-watch-band/
128,remove before flight watch band,170,10,1,41,http://printmystrap.com/product/remove-before-flight-galaxy-watch-strap/
129,galaxy watch 4 women's bands,170,34,0,61,http://printmystrap.com/product/custom-galaxy-watch-band/
130,personalized apple watch,170,73,0,54,http://printmystrap.com/product/custom-apple-watch-strap/
131,galaxy watch 3 band 45mm,170,24,0,53,http://printmystrap.com/product/custom-galaxy-watch-band/
132,watch band for samsung galaxy watch 4,170,47,0,64,http://printmystrap.com/product/custom-galaxy-watch-band/
133,galaxy watch 42mm band,170,26,0,54,http://printmystrap.com/product/custom-galaxy-watch-band/
134,galaxy watch 5 pro leather band,170,28,0,72,http://printmystrap.com/product/custom-galaxy-watch-band/
135,galaxy 2 watch bands,170,24,0,55,http://printmystrap.com/product/custom-galaxy-watch-band/
136,galaxy 4 classic bands,170,22,0,68,http://printmystrap.com/product/custom-galaxy-watch-band/
137,samsung active watch bands,170,45,0,58,http://printmystrap.com/product/custom-galaxy-watch-band/
138,fitbit designer bands,170,67,0,60,http://printmystrap.com/product/custom-fitbit-watch-band/
139,watch bands for galaxy watch 4 classic,170,25,0,66,http://printmystrap.com/product/custom-galaxy-watch-band/
140,galaxy s4 watch bands,170,29,0,67,http://printmystrap.com/product/custom-galaxy-watch-band/
141,samsung watch 4 44mm bands,170,21,0,64,http://printmystrap.com/product/custom-galaxy-watch-band/
142,epic watch,170,40,0,71,http://printmystrap.com/product/tiger-camouflage-apple-watch-strap/
143,designer samsung watch bands,170,43,0,64,http://printmystrap.com/product/custom-galaxy-watch-band/
144,pixel band,170,35,0,70,http://printmystrap.com/product/custom-google-pixel-watch-band/
145,personalize apple watch,170,70,0,49,http://printmystrap.com/product/custom-apple-watch-strap/
146,personalized watch band,170,70,0,46,http://printmystrap.com/product/custom-galaxy-watch-band/
147,personalized watch bands,170,62,0,46,http://printmystrap.com/product/custom-galaxy-watch-band/
148,pixel bands,170,71,0,73,http://printmystrap.com/product/custom-google-pixel-watch-band/
149,pixel banding,170,89,0,67,http://printmystrap.com/product/custom-google-pixel-watch-band/
150,custom galaxy watch bands,140,4,4,34,http://printmystrap.com/product/custom-galaxy-watch-band/
151,designer galaxy watch bands,140,10,2,59,http://printmystrap.com/product/custom-galaxy-watch-band/
152,apple watch pink strap,140,51,0,68,http://printmystrap.com/product/pink-paint-splash/
153,samsung galaxy watch 5 straps,140,41,0,61,http://printmystrap.com/product/custom-galaxy-watch-band/
154,fancy bands for samsung watch,140,52,0,29,http://printmystrap.com/product/custom-galaxy-watch-band/
155,google pixel watch straps,140,40,0,73,http://printmystrap.com/product/custom-google-pixel-watch-band/
156,stamper watches,140,39,0,51,http://printmystrap.com/product/vintage-passport-stamps-apple-watch-strap/
157,bespoke watch strap,140,86,0,23,http://printmystrap.com/product/custom-galaxy-watch-band/
158,marble apple watch band,140,41,0,57,http://printmystrap.com/product/white-black-marble-apple-watch-strap/
159,watch band for samsung active 2,140,28,0,59,http://printmystrap.com/product/custom-galaxy-watch-band/
160,samsung galaxy watch 4 wristbands,140,22,0,67,http://printmystrap.com/product/custom-galaxy-watch-band/
161,samsung galaxy watch 42mm band,140,29,0,62,http://printmystrap.com/product/custom-galaxy-watch-band/
162,make your own apple watch band,140,31,0,69,http://printmystrap.com/product/custom-apple-watch-strap/
163,white apple watch strap,140,48,0,72,http://printmystrap.com/product/black-white-alien-language-apple-watch-strap/
164,customize fitbit band,110,2,10,35,http://printmystrap.com/product/custom-fitbit-watch-band/
165,custom fitbit bands,110,2,10,31,http://printmystrap.com/product/custom-fitbit-watch-band/
166,custom samsung watch bands,110,4,2,42,http://printmystrap.com/product/custom-galaxy-watch-band/
167,samsung s4 watch bands,110,17,1,68,http://printmystrap.com/product/custom-galaxy-watch-band/
168,epic apple watch bands,110,15,1,52,http://printmystrap.com/product/tiger-camouflage-apple-watch-strap/
169,how to remove samsung watch band,110,29,0,78,http://printmystrap.com/product/remove-before-flight-galaxy-watch-strap/
170,samsung leather watch band,110,41,0,70,http://printmystrap.com/product/custom-galaxy-watch-band/
171,custom apple watch straps,110,88,0,53,http://printmystrap.com/
172,galaxy watch 3 strap,110,34,0,58,http://printmystrap.com/product/custom-galaxy-watch-band/
173,fancy bands for samsung,110,61,0,31,http://printmystrap.com/product/custom-galaxy-watch-band/
174,galaxy watch 3 straps,110,45,0,50,http://printmystrap.com/product/custom-galaxy-watch-band/
175,samsung galaxy watch 4 watch band,110,20,0,64,http://printmystrap.com/product/custom-galaxy-watch-band/
176,galaxy watch metal bands,110,35,0,63,http://printmystrap.com/product/custom-galaxy-watch-band/
177,how to remove galaxy watch 4 band,110,51,0,69,http://printmystrap.com/product/remove-before-flight-galaxy-watch-strap/
178,apple watch bands personalized,110,60,0,49,http://printmystrap.com/product/custom-apple-watch-strap/
179,digital dots,110,79,0,51,http://printmystrap.com/product/digital-dots-apple-watch-strap/
180,samsung galaxy 2 watch bands,110,31,0,62,http://printmystrap.com/product/custom-galaxy-watch-band/
181,pixel watch strap,110,48,0,74,http://printmystrap.com/product/custom-google-pixel-watch-band/
182,snake skin apple watch band,110,17,0,37,http://printmystrap.com/product/snake-skin-apple-watch-strap/
183,apple watch custom straps,110,46,0,53,http://printmystrap.com/product/custom-apple-watch-strap/
184,apple watch custom strap,110,24,0,51,http://printmystrap.com/product/custom-apple-watch-strap/
185,apple watch strap custom,110,69,0,54,http://printmystrap.com/product/custom-apple-watch-strap/
186,apple watch straps custom,110,54,0,54,http://printmystrap.com/product/custom-apple-watch-strap/
187,cactus apple watch band,110,49,0,47,http://printmystrap.com/product/green-cactus-apple-watch-strap/
188,aviation apple watch,110,37,0,45,http://printmystrap.com/product/remove-before-flight-apple-watch-strap/
189,digitaldots,110,74,0,52,http://printmystrap.com/product/digital-dots-apple-watch-strap/
190,samsung galaxy watch 4 watch bands,110,35,0,68,http://printmystrap.com/product/custom-galaxy-watch-band/
191,google watch straps,110,50,0,73,http://printmystrap.com/product/custom-google-pixel-watch-band/
192,galaxy watch 3 wristbands,90,17,1,81,http://printmystrap.com/product/custom-galaxy-watch-band/
193,apple watch paint,90,15,1,64,http://printmystrap.com/product/hippy-paint-apple-watch-strap/
194,galaxy watch bands 44mm,90,19,1,64,http://printmystrap.com/product/custom-galaxy-watch-band/
195,paint apple watch,90,21,0,64,http://printmystrap.com/product/tribal-paint-apple-watch-strap/
196,camouflage apple watch band,90,50,0,44,http://printmystrap.com/product/tiger-camouflage-apple-watch-strap/
197,galaxy watch 5 pro strap,90,37,0,69,http://printmystrap.com/product/custom-galaxy-watch-band/
198,bands for samsung galaxy watch 4,90,31,0,61,http://printmystrap.com/product/custom-galaxy-watch-band/
199,samsung active 4 watch bands,90,26,0,67,http://printmystrap.com/product/custom-galaxy-watch-band/
200,gear 3 watch bands,90,32,0,63,http://printmystrap.com/product/custom-galaxy-watch-band/
201,apple watch bands camouflage,90,42,0,44,http://printmystrap.com/product/tiger-camouflage-apple-watch-strap/
202,custom made apple watch bands,90,67,0,46,http://printmystrap.com/product/custom-apple-watch-strap/
203,design your own watch online,90,75,0,37,http://printmystrap.com/product/custom-apple-watch-strap/
204,cotton apple watch band,90,27,0,45,http://printmystrap.com/product/cotton-candy-marble-apple-watch-strap/
205,watch bands samsung watch 4,90,50,0,61,http://printmystrap.com/product/custom-galaxy-watch-band/
206,custom made watch band,90,79,0,34,http://printmystrap.com/product/custom-apple-watch-strap/
207,samsung galaxy watch bands 44mm,90,24,0,69,http://printmystrap.com/product/custom-galaxy-watch-band/
208,galaxy watch 5 strap,90,30,0,55,http://printmystrap.com/product/custom-galaxy-watch-band/
209,samsung watch bands 44mm,90,28,0,64,http://printmystrap.com/product/custom-galaxy-watch-band/
210,google pixel watch crafted leather band,90,36,0,71,http://printmystrap.com/product/custom-google-pixel-watch-band/
211,snake skin watch band,90,34,0,42,http://printmystrap.com/product/snake-skin-apple-watch-strap/
212,personalized iwatch bands,90,62,0,46,http://printmystrap.com/product/custom-apple-watch-strap/
213,snakeskin watch band,90,64,0,40,http://printmystrap.com/product/snake-skin-apple-watch-strap/
214,print on demand watches,90,67,0,38,http://printmystrap.com/product/custom-galaxy-watch-band/
215,vintage passport stamps,70,20,2,68,http://printmystrap.com/product/vintage-passport-stamps-apple-watch-strap/
216,galaxy s5 watch bands,70,16,1,69,http://printmystrap.com/product/custom-galaxy-watch-band/
217,how to remove galaxy watch band,70,26,0,68,http://printmystrap.com/product/remove-before-flight-galaxy-watch-strap/
218,print apple watch band,70,74,0,55,http://printmystrap.com/product/custom-apple-watch-strap/
219,customize your own watch,70,65,0,47,http://printmystrap.com/product/custom-apple-watch-strap/
220,how to add pictures to my galaxy watch 4,70,74,0,60,http://printmystrap.com/product/custom-galaxy-watch-band/
221,printed apple watch band,70,58,0,57,http://printmystrap.com/product/custom-apple-watch-strap/
222,printed apple watch bands,70,41,0,63,http://printmystrap.com/product/custom-apple-watch-strap/
223,samsung galaxy watch 3 strap,70,30,0,57,http://printmystrap.com/product/custom-galaxy-watch-band/
224,pink watch strap,70,75,0,42,http://printmystrap.com/product/pink-dimension-apple-watch-strap/
225,designer android watch bands,70,40,0,53,http://printmystrap.com/product/custom-galaxy-watch-band/
226,samsung watch 3 strap,70,47,0,52,http://printmystrap.com/product/custom-galaxy-watch-band/
227,where can i buy fitbit bands,70,53,0,69,http://printmystrap.com/product/custom-fitbit-watch-band/
228,print apple watch bands,70,88,0,60,http://printmystrap.com/product/custom-apple-watch-strap/
229,samsung watch 3 45mm bands,70,30,0,60,http://printmystrap.com/product/custom-galaxy-watch-band/
230,samsung watch 3 bands 45mm,70,32,0,54,http://printmystrap.com/product/custom-galaxy-watch-band/
231,custom made watch bands,70,84,0,34,http://printmystrap.com/product/custom-galaxy-watch-band/
232,printable apple watch band template,70,50,0,54,http://printmystrap.com/product/custom-apple-watch-strap/
233,leather pixel watch band,70,49,0,68,http://printmystrap.com/product/custom-google-pixel-watch-band/
234,samsung galaxy s4 watch bands,70,32,0,61,http://printmystrap.com/product/custom-galaxy-watch-band/
235,snake skin watch strap,70,24,0,35,http://printmystrap.com/product/snake-skin-apple-watch-strap/
236,apple watch band printable,70,25,0,57,http://printmystrap.com/product/custom-apple-watch-strap/
237,galaxy watch 4 band replacement,70,23,0,73,http://printmystrap.com/product/custom-galaxy-watch-band/
238,polka dot apple watch band,70,30,0,57,http://printmystrap.com/product/black-polka-dots-apple-watch-strap/
239,wrist bands for galaxy watch 4,70,25,0,72,http://printmystrap.com/product/custom-galaxy-watch-band/
240,custom watch bands for apple watch,70,58,0,54,http://printmystrap.com/product/custom-apple-watch-strap/
241,western samsung watch bands,70,31,0,40,http://printmystrap.com/product/custom-galaxy-watch-band/
242,personalized samsung watch bands,50,4,3,38,http://printmystrap.com/product/custom-galaxy-watch-band/
243,watch band galaxy watch 3,50,17,1,54,http://printmystrap.com/product/custom-galaxy-watch-band/
244,my straps,50,14,1,46,http://printmystrap.com/
245,bands for samsung galaxy watch 3,50,19,1,59,http://printmystrap.com/product/custom-galaxy-watch-band/
246,remove before flight watch strap,50,11,1,40,http://printmystrap.com/product/remove-before-flight-apple-watch-strap/
247,samsung designer watch bands,50,18,1,57,http://printmystrap.com/product/custom-galaxy-watch-band/
248,galaxy active watch 2 band,50,16,1,64,http://printmystrap.com/product/custom-galaxy-watch-band/
249,design your own apple watch band,50,28,0,57,http://printmystrap.com/product/custom-apple-watch-strap/
250,galaxy watch 3 replacement bands,50,32,0,67,http://printmystrap.com/product/custom-galaxy-watch-band/
251,pink paint splash,50,26,0,69,http://printmystrap.com/product/pink-paint-splash/
252,samsung galaxy watch 4 classic watch bands,50,26,0,60,http://printmystrap.com/product/custom-galaxy-watch-band/
253,custom apple watch bands 45mm,50,40,0,60,http://printmystrap.com/product/custom-galaxy-watch-band/
254,how to remove watch strap apple,50,33,0,79,http://printmystrap.com/product/remove-before-flight-apple-watch-strap/
255,retro strap,50,79,0,33,http://printmystrap.com/product/retro-future-apple-watch-strap/
256,samsung watch 46mm bands,50,25,0,65,http://printmystrap.com/product/custom-galaxy-watch-band/
257,samsung watch band leather,50,44,0,62,http://printmystrap.com/product/custom-galaxy-watch-band/
258,canopy straps,50,83,0,39,http://printmystrap.com/product/green-canopy-apple-watch-strap/
259,rainbow apple watch strap,50,33,0,46,http://printmystrap.com/product/retro-rainbow-apple-watch-strap/
260,how to make your own apple watch band,50,25,0,66,http://printmystrap.com/product/custom-apple-watch-strap/
261,how to take off galaxy watch band,50,41,0,80,http://printmystrap.com/product/custom-galaxy-watch-band/
262,camouflage watch band,50,65,0,47,http://printmystrap.com/product/tiger-camouflage-apple-watch-strap/
263,rainbow strap apple watch,50,38,0,64,http://printmystrap.com/product/retro-rainbow-apple-watch-strap/
264,apple watch strap rainbow,50,27,0,53,http://printmystrap.com/product/retro-rainbow-apple-watch-strap/
265,apple watch rainbow strap,50,44,0,51,http://printmystrap.com/product/retro-rainbow-apple-watch-strap/
266,galaxy custom,50,38,0,27,http://printmystrap.com/product/custom-galaxy-watch-band/
267,tribal apple watch band,50,23,0,33,http://printmystrap.com/product/tribal-paint-apple-watch-strap/
268,butterfly apple watch,50,37,0,65,http://printmystrap.com/product/butterfly-sky-apple-watch-strap/
269,samsung galaxy watch 1 band,50,28,0,62,http://printmystrap.com/product/custom-galaxy-watch-band/
270,apple watch butterfly,50,40,0,63,http://printmystrap.com/product/butterfly-sky-apple-watch-strap/
271,tribal apple watch bands,50,27,0,39,http://printmystrap.com/product/tribal-paint-apple-watch-strap/
272,apple watch band butterfly,50,52,0,45,http://printmystrap.com/product/butterfly-sky-apple-watch-strap/
273,butterfly in the sky where to watch,50,35,0,63,http://printmystrap.com/product/butterfly-sky-apple-watch-strap/
274,star wars samsung watch band,50,44,0,64,http://printmystrap.com/product/custom-galaxy-watch-band/
275,leather galaxy watch 4 bands,50,33,0,60,http://printmystrap.com/product/custom-galaxy-watch-band/
276,galaxy 4 watch straps,50,33,0,60,http://printmystrap.com/product/custom-galaxy-watch-band/
277,samsung smartwatch wristbands,50,33,0,62,http://printmystrap.com/product/custom-galaxy-watch-band/
278,galaxy watch 4 stretch band,50,53,0,50,http://printmystrap.com/product/custom-galaxy-watch-band/
279,island jungle designs watch bands,50,39,0,24,http://printmystrap.com/product/custom-apple-watch-strap/
280,pixel watch lugs,50,20,0,73,http://printmystrap.com/product/custom-google-pixel-watch-band/
281,custom watch bracelet,50,83,0,37,http://printmystrap.com/product/custom-galaxy-watch-band/
282,samsung galaxy watch 1 bands,50,26,0,63,http://printmystrap.com/product/custom-galaxy-watch-band/
283,candy marble,50,88,0,57,http://printmystrap.com/product/cotton-candy-marble-apple-watch-strap/
284,snake skin watch,50,42,0,49,http://printmystrap.com/product/red-snake-leather-apple-watch-strap/
285,custom galaxy watch 4 bands,40,1,14,42,http://printmystrap.com/product/custom-galaxy-watch-band/
286,galaxy watch 4 custom bands,40,4,5,51,http://printmystrap.com/product/custom-galaxy-watch-band/
287,custom smart watch bands,40,13,1,53,http://printmystrap.com/product/custom-galaxy-watch-band/
288,custom watch bands for samsung galaxy watch,40,3,1,37,http://printmystrap.com/product/custom-galaxy-watch-band/
289,galaxy watch 4 designer bands,40,14,1,55,http://printmystrap.com/product/custom-galaxy-watch-band/
290,custom metal watch bands,40,14,1,35,http://printmystrap.com/product/custom-galaxy-watch-band/
291,designer watch bands for galaxy watch,40,17,1,53,http://printmystrap.com/product/custom-galaxy-watch-band/
292,fitbit customize,40,18,1,75,http://printmystrap.com/product/custom-fitbit-watch-band/
293,retro apple watch,40,16,1,63,http://printmystrap.com/product/retro-future-apple-watch-strap/
294,custom fitbit,40,5,0,36,http://printmystrap.com/product/custom-fitbit-watch-band/
295,custom watch bands metal,40,22,0,40,http://printmystrap.com/product/custom-galaxy-watch-band/
296,galaxy watch 4 band leather,40,32,0,64,http://printmystrap.com/product/custom-galaxy-watch-band/
297,make your own watch band,40,73,0,45,http://printmystrap.com/product/custom-galaxy-watch-band/
298,galaxy watch 4 bands leather,40,40,0,64,http://printmystrap.com/product/custom-galaxy-watch-band/
299,personalized apple watch band 44mm,40,81,0,52,http://printmystrap.com/product/custom-galaxy-watch-band/
300,watch strap for galaxy watch 4,40,29,0,61,http://printmystrap.com/product/custom-galaxy-watch-band/
301,samsung watch 5 strap,40,34,0,61,http://printmystrap.com/product/custom-galaxy-watch-band/
302,bands for fitbit watches,40,56,0,60,http://printmystrap.com/product/custom-fitbit-watch-band/
303,cricut apple watch band,40,47,0,55,http://printmystrap.com/product/custom-apple-watch-strap/
304,custom i watch bands,40,88,0,53,http://printmystrap.com/product/custom-galaxy-watch-band/
305,watch strap pattern,40,47,0,46,http://printmystrap.com/product/terrazzo-pattern/
306,watch strap patterns,40,45,0,55,http://printmystrap.com/product/terrazzo-pattern/
307,galaxy active 4 watch bands,40,28,0,67,http://printmystrap.com/product/custom-galaxy-watch-band/
308,custom airtag case,40,57,0,44,http://printmystrap.com/product/custom-apple-airtag-case/
309,watch bands galaxy active 2,40,36,0,57,http://printmystrap.com/product/custom-galaxy-watch-band/
310,custom watch buckles,40,45,0,33,http://printmystrap.com/product/custom-apple-watch-strap/
311,cotton candy watch,40,84,0,42,http://printmystrap.com/product/cotton-candy-marble-apple-watch-strap/
312,google pixel watch band replacement,40,33,0,69,http://printmystrap.com/product/custom-google-pixel-watch-band/
313,how to use galaxy watch 5 pro band,40,49,0,80,http://printmystrap.com/product/custom-galaxy-watch-band/
314,fancy bands samsung,40,60,0,41,http://printmystrap.com/product/custom-galaxy-watch-band/
315,spaceship watch,40,29,0,47,http://printmystrap.com/product/spaceship-pattern-apple-watch-strap/
316,epic bands apple watch,40,20,0,72,http://printmystrap.com/product/tiger-camouflage-apple-watch-strap/
317,galaxy watch 4 purple band,40,79,0,58,http://printmystrap.com/product/custom-galaxy-watch-band/
318,print on demand apple watch bands,30,9,1,36,http://printmystrap.com/product/custom-apple-watch-strap/
319,samsung galaxy watch 45mm bands,30,19,1,59,http://printmystrap.com/product/custom-galaxy-watch-band/
320,samsung watch 3 wristbands,30,17,1,67,http://printmystrap.com/product/custom-galaxy-watch-band/
321,remove before flight apple watch,30,10,1,46,http://printmystrap.com/product/remove-before-flight-apple-watch-strap/
322,custom galaxy watch 4,30,8,1,59,http://printmystrap.com/product/custom-galaxy-watch-band/
323,customize galaxy watch 4,30,11,1,70,http://printmystrap.com/product/custom-galaxy-watch-band/
324,designer galaxy watch 4 bands,30,14,1,58,http://printmystrap.com/product/custom-galaxy-watch-band/
325,how to remove galaxy watch 5 band,30,24,1,73,http://printmystrap.com/product/remove-before-flight-galaxy-watch-strap/
326,paint apple watch band,30,13,1,49,http://printmystrap.com/product/hippy-paint-apple-watch-strap/
327,personalized galaxy watch band,30,4,1,39,http://printmystrap.com/product/custom-galaxy-watch-band/
328,designer watch bands for samsung active 2,30,16,0,57,http://printmystrap.com/product/custom-galaxy-watch-band/
329,samsung galaxy watch 4 custom bands,30,3,0,44,http://printmystrap.com/product/custom-galaxy-watch-band/
330,create your own apple watch band,30,22,0,61,http://printmystrap.com/product/custom-apple-watch-strap/
331,tribal watches,30,85,0,39,http://printmystrap.com/product/tribal-paint-apple-watch-strap/
332,wrist bands for galaxy watch 3,30,24,0,67,http://printmystrap.com/product/custom-galaxy-watch-band/
333,watch straps for galaxy watch 4,30,38,0,61,http://printmystrap.com/product/custom-galaxy-watch-band/
334,galaxy watch 4 pin size,30,28,0,67,http://printmystrap.com/product/custom-galaxy-watch-band/
335,samsung galaxy 4 watch bands 44mm,30,32,0,61,http://printmystrap.com/product/custom-galaxy-watch-band/
336,peacock apple watch band,30,20,0,46,http://printmystrap.com/product/peacock-feathers-apple-watch-strap/
337,metal galaxy watch band,30,31,0,61,http://printmystrap.com/product/custom-galaxy-watch-band/
338,samsung bands galaxy watch,30,27,0,68,http://printmystrap.com/product/custom-galaxy-watch-band/
339,custom silicone watch bands,30,73,0,43,http://printmystrap.com/product/custom-galaxy-watch-band/
340,samsung galaxy watch 4 band replacement,30,31,0,73,http://printmystrap.com/product/custom-galaxy-watch-band/
341,samsung galaxy 4 watch strap,30,23,0,61,http://printmystrap.com/product/custom-galaxy-watch-band/
342,painted apple watch band,30,51,0,51,http://printmystrap.com/
343,samsung galaxy watch 4 bands 42mm,30,28,0,66,http://printmystrap.com/product/custom-galaxy-watch-band/
344,marble watch band,30,58,0,59,http://printmystrap.com/product/white-black-marble-apple-watch-strap/
345,custom photo apple watch bands,30,55,0,46,http://printmystrap.com/product/custom-apple-watch-strap/
346,custom photo apple watch band,30,42,0,45,http://printmystrap.com/product/custom-apple-watch-strap/
347,tiger apple watch band,30,30,0,52,http://printmystrap.com/product/tiger-camouflage-apple-watch-strap/
348,watch dots,30,23,0,66,http://printmystrap.com/product/black-polka-dots-apple-watch-strap/
349,stitch alien language,30,39,0,62,http://printmystrap.com/product/black-white-alien-language-apple-watch-strap/
350,45mm galaxy watch 3 bands,30,25,0,65,http://printmystrap.com/product/custom-galaxy-watch-band/
351,samsung galaxy watch band leather,30,40,0,63,http://printmystrap.com/product/custom-galaxy-watch-band/
352,galaxy watch 3 band replacement,30,27,0,69,http://printmystrap.com/product/custom-galaxy-watch-band/
353,camouflage watch strap,30,66,0,41,http://printmystrap.com/product/tiger-camouflage-apple-watch-strap/
354,how to make custom apple watch bands,30,41,0,66,http://printmystrap.com/product/custom-apple-watch-strap/
355,camouflage band for apple watch,30,40,0,44,http://printmystrap.com/product/tiger-camouflage-apple-watch-strap/
356,epic watch bands for apple watch,30,20,0,72,http://printmystrap.com/product/tiger-camouflage-apple-watch-strap/
357,galaxy watch women's bands,30,40,0,56,http://printmystrap.com/product/custom-galaxy-watch-band/
358,galaxy watch 4 green band,30,66,0,60,http://printmystrap.com/product/custom-galaxy-watch-band/
359,custom apple watch bands 44mm,30,80,0,59,http://printmystrap.com/product/custom-apple-watch-strap/
360,where to watch butterfly in the sky,30,47,0,69,http://printmystrap.com/product/butterfly-sky-apple-watch-strap/
361,samsung galaxy watch 3 leather band,30,25,0,67,http://printmystrap.com/product/custom-galaxy-watch-band/
362,wristband for galaxy watch,30,34,0,58,http://printmystrap.com/product/custom-galaxy-watch-band/
363,pixel watch band replacement,30,23,0,75,http://printmystrap.com/product/custom-google-pixel-watch-band/
364,snake apple watch band,30,47,0,46,http://printmystrap.com/product/red-snake-leather-apple-watch-strap/
365,personalized leather apple watch band,30,32,0,45,http://printmystrap.com/product/custom-apple-watch-strap/
366,swirl watch,30,74,0,58,http://printmystrap.com/product/purple-swirl-marble-apple-watch-strap/
367,versa 3 leather band,30,50,0,52,http://printmystrap.com/product/custom-fitbit-watch-band/
368,mens galaxy watch bands,30,84,0,57,http://printmystrap.com/product/custom-galaxy-watch-band/
369,galaxy wearable watch bands,30,27,0,63,http://printmystrap.com/product/custom-galaxy-watch-band/
370,custom watch bands apple,30,48,0,60,http://printmystrap.com/product/custom-apple-watch-strap/
371,galaxy band watch,30,44,0,65,http://printmystrap.com/product/custom-galaxy-watch-band/
372,engraved leather watch band,30,73,0,56,http://printmystrap.com/product/custom-galaxy-watch-band/
373,samsung fabric band,30,42,0,61,http://printmystrap.com/product/custom-galaxy-watch-band/
374,galaxy watch bands leather,30,37,0,59,http://printmystrap.com/product/custom-galaxy-watch-band/
375,custom watch band apple,30,96,0,54,http://printmystrap.com/product/custom-apple-watch-strap/
376,fitbit versa 2 designer bands,30,40,0,57,http://printmystrap.com/product/custom-fitbit-watch-band/
377,apple watch camouflage strap,30,38,0,41,http://printmystrap.com/product/blue-camouflage-apple-watch-strap/
378,apple watch printable,30,44,0,69,http://printmystrap.com/product/custom-apple-watch-strap/
379,tribal watch,30,32,0,41,http://printmystrap.com/product/tribal-paint-apple-watch-strap/
380,bands galaxy watch 4,30,37,0,68,http://printmystrap.com/product/custom-galaxy-watch-band/
381,how to make your own fitbit clock face,30,91,0,63,http://printmystrap.com/product/custom-fitbit-watch-band/
382,purple bioluminescence,30,31,0,60,http://printmystrap.com/product/purple-bioluminescence-apple-watch-strap/
383,samsung galaxy watch 5 pro leather band,30,28,0,70,http://printmystrap.com/product/custom-galaxy-watch-band/
384,how to remove strap on apple watch,30,59,0,81,http://printmystrap.com/product/remove-before-flight-apple-watch-strap/
385,personalized fitbit band,20,3,1,40,http://printmystrap.com/product/custom-fitbit-watch-band/
386,personalized fitbit bands,20,3,1,37,http://printmystrap.com/product/custom-fitbit-watch-band/
387,remove before flight nato strap,20,12,1,40,http://printmystrap.com/product/remove-before-flight-galaxy-watch-strap/
388,design your own apple watch,20,25,0,59,http://printmystrap.com/product/custom-apple-watch-strap/
389,samsung galaxy active 4 watch bands,20,39,0,67,http://printmystrap.com/product/custom-galaxy-watch-band/
390,watch strap for samsung galaxy watch 4,20,21,0,61,http://printmystrap.com/product/custom-galaxy-watch-band/
391,samsung active 3 watch bands,20,39,0,60,http://printmystrap.com/product/custom-galaxy-watch-band/
392,samsung gear 2 replacement band,20,38,0,72,http://printmystrap.com/product/custom-galaxy-watch-band/
393,sparkle bands for samsung watch,20,47,0,52,http://printmystrap.com/product/custom-galaxy-watch-band/
394,samsung galaxy leather watch bands,20,38,0,62,http://printmystrap.com/product/custom-galaxy-watch-band/
395,galaxy watch designer bands,20,24,0,62,http://printmystrap.com/product/custom-galaxy-watch-band/
396,do galaxy watch 3 bands fit watch 4,20,30,0,61,http://printmystrap.com/product/custom-galaxy-watch-band/
397,camo apple watch band 45mm,20,55,0,45,http://printmystrap.com/product/tiger-camouflage-apple-watch-strap/
398,butterfly strap watches,20,65,0,60,http://printmystrap.com/product/butterfly-sky-apple-watch-strap/
399,galaxy strap,20,38,0,54,http://printmystrap.com/product/custom-galaxy-watch-band/
400,samsung galaxy watch 3 band replacement,20,28,0,67,http://printmystrap.com/product/custom-galaxy-watch-band/
401,samsung classic watch bands,20,23,0,68,http://printmystrap.com/product/custom-galaxy-watch-band/
402,spaceship pattern,20,36,0,54,http://printmystrap.com/product/spaceship-pattern-apple-watch-strap/
403,samsung galaxy 4 44mm watch bands,20,28,0,68,http://printmystrap.com/product/custom-galaxy-watch-band/
404,custom apple watch sport bands,20,90,0,65,http://printmystrap.com/product/custom-apple-watch-strap/
405,apple watch se band removal,20,50,0,80,http://printmystrap.com/product/remove-before-flight-apple-watch-strap/
406,rdsw apple watch band,20,29,0,68,http://printmystrap.com/product/remove-before-flight-apple-watch-strap/
